{
  "Evaluation_Configuration": {
    "Broker_Name": "Mosquitto",
    "MQTT_Configuration": {
      "NAME": "Analyzer Subscriber",
      "CLIENT_ID": "analyzer.20240209_110820",
      "BROKER_URL": "MosquittoBroker",
      "BROKER_PORT": 1883,
      "TOPIC": "broker/evaluation/topic",
      "QOS": 2,
      "TLS": false,
      "CLEAN_START": false,
      "KEEPALIVE": 120,
      "SESSION_EXPIRY_INTERVAL": 3600,
      "REATTEMPTS": -1,
      "RECONNECT_MIN_DELAY": 2,
      "RECONNECT_MAX_DELAY": 3600
    },
    "Nr_of_Experiments": 10,
    "Nr_of_Experiment_Logs": 10,
    "Experiment_Ids": [
      "20240209_110820",
      "20240209_111031",
      "20240209_111242",
      "20240209_111453",
      "20240209_111704",
      "20240209_111915",
      "20240209_112126",
      "20240209_112337",
      "20240209_112548",
      "20240209_112759"
    ],
    "Publisher": "virtualuwsn",
    "Subscriber": "mqtt_analyzer"
  },
  "Latency": {
    "Average": 2.293742431640625,
    "Min": 1.612060546875,
    "Max": 15.34765625,
    "Average_SD": 0.7853406013479881,
    "Unit": "Milliseconds",
    "Valid_Experiments": "10/10"
  },
  "Messages": {
    "Expected": 1000,
    "Received": 1000,
    "Average_Received": 100,
    "Duplicates": 0,
    "Average_Duplicates": 0
  }
}