{
  "Evaluation_Configuration": {
    "Broker_Name": "Mosquitto",
    "MQTT_Configuration": {
      "NAME": "Analyzer Subscriber",
      "CLIENT_ID": "analyzer.20240209_150149",
      "BROKER_URL": "MosquittoBroker",
      "BROKER_PORT": 1883,
      "TOPIC": "broker/evaluation/topic",
      "QOS": 2,
      "TLS": false,
      "CLEAN_START": false,
      "KEEPALIVE": 120,
      "SESSION_EXPIRY_INTERVAL": 3600,
      "REATTEMPTS": -1,
      "RECONNECT_MIN_DELAY": 2,
      "RECONNECT_MAX_DELAY": 3600
    },
    "Nr_of_Experiments": 10,
    "Nr_of_Experiment_Logs": 10,
    "Experiment_Ids": [
      "20240209_150149",
      "20240209_150235",
      "20240209_150320",
      "20240209_150406",
      "20240209_150452",
      "20240209_150537",
      "20240209_150623",
      "20240209_150709",
      "20240209_150754",
      "20240209_150840"
    ],
    "Publisher": "virtualuwsn",
    "Subscriber": "mqtt_analyzer"
  },
  "Latency": {
    "Average": 3.093462890625,
    "Min": 1.724609375,
    "Max": 50.123291015625,
    "Average_SD": 2.4057869804196534,
    "Unit": "Milliseconds",
    "Valid_Experiments": "10/10"
  },
  "Messages": {
    "Expected": 1000,
    "Received": 1000,
    "Average_Received": 100,
    "Duplicates": 0,
    "Average_Duplicates": 0
  }
}